TP_ID,Transformation_Product,SMILES.TP,TP_MZ,CE15,CE30,CE45,CE60,CE75,CE90,ME,par_ID,Parent_compound,SMILES.PC,par_MZ,CE15.1,CE30.1,CE45.1,CE60.1,CE75.1,CE90.1,ME.1,Maccs
3257,"4-Amino-6-chloro-1,3-benzenedisulfonamid",NC1=C(C=C(C(Cl)=C1)S(N)(=O)=O)S(N)(=O)=O,284.9645,EQ325701,NA,NA,EQ325704,EQ325705,EQ325706,METP3257,107,Amitraz,CN(C=NC1=C(C)C=C(C)C=C1)C=NC1=C(C)C=C(C)C=C1,293.1892,EA010708,EA010709,EA010710,EA010711,EA010712,EA010713,MEPC107,0.220338983
3190,2-Mercaptobenzothiazole,Sc1nc2ccccc2s1,166.9863,EQ319001,EQ319002,EQ319003,EQ319004,EQ319005,EQ319006,METP3190,1034,N-Desmethylvenlafaxine,CNCC(C1=CC=C(C=C1)OC)C2(CCCCC2)O,263.1885,EA103408,EA103409,EA103410,EA103411,EA103412,EA103413,MEPC1034,0.075471698
2795,Valsartan acid,OC(=O)C1=CC=C(C=C1)C1=CC=CC=C1C1=NNN=N1,266.0804,EQ279501,EQ279502,EQ279503,EQ279504,EQ279505,EQ279506,METP2795,196,Ranitidine,CN\C(NCCSCC1=CC=C(CN(C)C)O1)=C/[N+]([O-])=O,314.1413,EA019608,EA019609,EA019610,EA019611,EA019612,EA019613,MEPC196,0.243589744
2900,1-Hydroxybenzotriazole,O=C1C=CC=C2NNN=C12,135.0433,EQ289901,EQ289902,EQ289903,EQ289904,EQ289905,EQ289906,METP2900,262,Simazin,CCNC1=NC(NCC)=NC(Cl)=N1,201.0781,EA026208,EA026209,EA026210,EA026211,EA026212,EA026213,MEPC262,0.283018868
3243,Prednisone,C[C@]12CC(=O)[C@H]3[C@@H](CCC4=CC(=O)C=C[C@]34C)[C@@H]1CC[C@]2(O)C(=O)CO,358.178,EQ324301,NA,NA,NA,EQ324305,NA,METP3243,88,Chloridazon,NC1=C(Cl)C(=O)N(N=C1)C1=CC=CC=C1,221.0356,EA008808,EA008809,EA008810,EA008811,EA008812,EA008813,MEPC88,0.101265823
845,4-Aminoantipyrine,Cc1c(N)c(=O)n(-c2ccccc2)n1C,203.1059,EA084508,EA084508,EA084508,EA084508,EA084508,EA084508,METP845,2934,Difenoconazole,Clc4ccc(Oc1ccc(c(Cl)c1)C2(OCC(O2)C)Cn3ncnc3)cc4,405.0647,EA293408,EA293409,EA293410,EA293411,EA293412,EA293413,MEPC2934,0.455882353
2925,Perfluorodecyl phosphate,OP(O)(=O)OCCC(F)(F)C(F)(F)C(F)(F)C(F)(F)C(F)(F)C(F)(F)C(F)(F)C(F)(F)F,543.9732,EA292508,EA292509,EA292510,EA292511,EA292512,EA292513,METP2925,2923,Bisperfluorodecyl phosphate,FC(F)(CCOP(=O)(OCCC(F)(F)C(F)(F)C(F)(F)C(F)(F)C(F)(F)C(F)(F)C(F)(F)C(F)(F)F)O)C(F)(F)C(F)(F)C(F)(F)C(F)(F)C(F)(F)C(F)(F)C(F)(F)F,989.9696,NA,EA292309,EA292310,EA292311,EA292312,EA292313,MEPC2923,0.838709677
2637,D617,CNCCCC(C#N)(C(C)C)C1=CC(OC)=C(OC)C=C1,290.1994,EA263708,EA263709,EA263710,EA263711,EA263712,EA263713,METP2637,268,Metolachlor,CCC1=C(N(C(C)COC)C(=O)CCl)C(C)=CC=C1,283.1339,EA026808,EA026809,EA026810,EA026811,EA026812,EA026813,MEPC268,0.368421053
3403,5-Hydroxy Diclofenac,OC(=O)CC1=C(NC2=C(Cl)C=CC=C2Cl)C=CC(O)=C1,311.0116,EQ340301,EQ340302,EQ340303,EQ340304,EQ340305,EQ340306,METP3403,2567,Tramadol,COC1=CC(=CC=C1)[C@@]1(O)CCCC[C@@H]1CN(C)C,263.1885,EA256708,EA256709,EA256710,EA256711,EA256712,EA256713,MEPC2567,0.357142857
3121,Flucytosine (5-FC),Nc1nc(=O)[nH]cc1F,129.0338,EQ312101,EQ312102,EQ312103,EQ312104,EQ312105,EQ312106,METP3121,247,N4-Acetylsulfamethazine,O=S(=O)(c1ccc(cc1)NC(=O)C)Nc1nc(cc(n1)C)C,320.0943,EA024708,EA024709,EA024710,EA024711,EA024712,EA024713,MEPC247,0.358208955
2852,Amisulpride,CCN1CCCC1CNC(=O)c1cc(c(N)cc1OC)S(=O)(=O)CC,369.1722,EA285208,EA285209,EA285210,EA285211,EA285212,EA285213,METP2852,331,"N'-(2,4-Dimethylphenyl)-N-methylformamidine",C(=NC)Nc1c(cc(cc1)C)C,162.1157,EA033108,EA033109,EA033110,EA033111,EA033112,EA033113,MEPC331,0.202531646
706,Metazachlor-OXA,Cc1cccc(C)c1N(Cn1cccn1)C(=O)C(O)=O,273.1113,EA070608,EA070609,EA070610,EA070611,EA070612,EA070613,METP706,702,Aminopyrine,CN(C)C1=C(C)N(C)N(C1=O)C1=CC=CC=C1,231.1372,EA070208,EA070209,EA070210,EA070211,EA070212,EA070213,MEPC702,0.603448276
2862,"2',3'-di-O-acetyl-5'-deoxy-5-fluorocytidin",CC1OC(C(OC(C)=O)C1OC(C)=O)N1C=C(F)C(N)=NC1=O,329.1023,EA286208,EA286209,EA286210,EA286211,EA286212,EA286213,METP2862,2572,Lidocaine,CCN(CC)CC(=O)NC1=C(C)C=CC=C1C,234.1732,EA257208,EA257209,EA257210,EA257211,EA257212,EA257213,MEPC2572,0.342857143
3242,Betamethasone,C[C@H]1C[C@H]2[C@@H]3CCC4=CC(=O)C=C[C@]4(C)[C@@]3(F)[C@@H](O)C[C@]2(C)[C@@]1(O)C(=O)CO,392.1999,EQ324201,NA,NA,NA,EQ324205,NA,METP3242,292,Diuron,CN(C)C(=O)NC1=CC(Cl)=C(Cl)C=C1,232.017,EA029208,EA029209,EA029210,EA029211,EA029212,EA029213,MEPC292,0.144927536
3121,Flucytosine (5-FC),Nc1nc(=O)[nH]cc1F,129.0338,EQ312101,EQ312102,EQ312103,EQ312104,EQ312105,EQ312106,METP3121,702,Aminopyrine,CN(C)C1=C(C)N(C)N(C1=O)C1=CC=CC=C1,231.1372,EA070208,EA070209,EA070210,EA070211,EA070212,EA070213,MEPC702,0.428571429
3712,8-hydroxy Mirtazapine,CN1CCN2C(C1)C1=CC=CC=C1CC1=CC(O)=CN=C21,281.1528,EQ371201,EQ371202,EQ371203,EQ371204,EQ371205,EQ371206,METP3712,154,Kresoxim-methyl,CO\N=C(\C(=O)OC)C1=C(COC2=C(C)C=CC=C2)C=CC=C1,313.1314,EA015408,EA015409,EA015410,EA015411,EA015412,EA015413,MEPC154,0.272727273
236,4-Acetamidoantipyrin ,CN1N(C(=O)C(NC(C)=O)=C1C)C1=CC=CC=C1,245.1164,EA023608,EA023609,EA023610,EA023611,EA023612,EA023613,METP236,707,Dimethachlor,COCCN(C(=O)CCl)C1=C(C)C=CC=C1C,255.1026,EA070708,EA070709,EA070710,EA070711,EA070712,EA070713,MEPC707,0.370967742
2708,AMDOPH,CN(C)C(=O)C(=O)N(N(C)C(C)=O)C1=CC=CC=C1,263.127,EA270808,EA270809,EA270810,EA270811,EA270812,EA270813,METP2708,671,Terbutylazine-desethyl,Nc1nc(NC(C)(C)C)nc(Cl)n1,201.0781,EA067108,EA067109,EA067110,EA067111,EA067112,EA067113,MEPC671,0.269230769
52,4-Isopropylaniline,CC(C)c1ccc(N)cc1,135.1048,EA005208,EA005209,EA005210,EA005211,EA005212,EA005213,METP52,3005,Pheniramine,CN(C)CCC(C1=CC=CC=C1)C2=CC=CC=N2,240.1626,EQ300501,EQ300502,EQ300503,EQ300504,EQ300505,EQ300506,MEPC3005,0.28125
3380,4-Chlorobenzophenone,Clc1ccc(cc1)C(=O)c1ccccc1,216.0342,EQ338001,EQ338002,EQ338003,EQ338004,EQ338005,EQ338006,METP3380,299,N4-Acetylsulfamethoxazole,c1(ccc(cc1)NC(C)=O)S(Nc1cc(C)on1)(=O)=O,295.0627,EA029908,EA029909,EA029910,EA029911,EA029912,EA029913,MEPC299,0.096774194
2822,Amphetamine,CC(N)Cc1ccccc1,135.1048,EA282208,EA282209,EA282210,EA282211,EA282212,EA282213,METP2822,3274,Mianserin,CN1CCN2C(C1)C1=C(CC3=C2C=CC=C3)C=CC=C1,264.1626,EQ327401,EQ327402,EQ327403,EQ327404,EQ327405,EQ327406,MEPC3274,0.236842105
664,Flufenacet-OXA,CC(C)N(C(=O)C(O)=O)C1=CC=C(F)C=C1,225.0801,EA066408,EA066409,EA066410,EA066411,EA066412,EA066413,METP664,172,Metoprolol,COCCC1=CC=C(OCC(O)CNC(C)C)C=C1,267.1834,EA017208,EA017209,EA017210,EA017211,EA017212,EA017213,MEPC172,0.290909091
283,Irgarol-descyclopropyl,S(C)-c(nc(n1)N)nc1NC(C)(C)C,213.1048,EA028308,EA028309,EA028310,EA028311,EA028312,EA028313,METP283,294,Diuron-desmethyl,c1(cc(c(Cl)cc1)Cl)NC(NC)=O,218.0014,EA029408,EA029409,EA029410,EA029411,EA029412,EA029413,MEPC294,0.326086957
992,Iminostilben,N1C2=C(C=CC=C2)C=CC2=C1C=CC=C2,193.0891,EA099208,EA099209,EA099210,EA099211,EA099212,EA099213,METP992,183,Sulfadimethoxin,COC1=CC(NS(=O)(=O)C2=CC=C(N)C=C2)=NC(OC)=N1,310.0736,EA018308,EA018309,EA018310,EA018311,EA018312,EA018313,MEPC183,0.181818182
3561,Trimipramine N-Oxide,CC(CN1C2=CC=CC=C2CCC2=CC=CC=C12)C[N+](C)(C)[O-],310.2045,EQ356101,EQ356102,EQ356103,EQ356104,EQ356105,EQ356106,METP3561,181,Sulfamethazin,CC1=CC(C)=NC(NS(=O)(=O)C2=CC=C(N)C=C2)=N1,278.0837,EA018108,EA018109,EA018110,EA018111,EA018112,EA018113,MEPC181,0.283783784
672,Terbutylazine-desethyl-2-hydroxy,CC(C)(C)Nc1nc(N)nc(O)n1,183.112,EA067208,EA067209,EA067210,EA067211,EA067212,EA067213,METP672,107,Amitraz,CN(C=NC1=C(C)C=C(C)C=C1)C=NC1=C(C)C=C(C)C=C1,293.1892,EA010708,EA010709,EA010710,EA010711,EA010712,EA010713,MEPC107,0.291666667
287,Atrazine-desisopropyl,CCNc1nc(N)nc(Cl)n1,173.0468,EA028708,EA028709,EA028710,EA028711,EA028712,EA028713,METP287,284,Terbutylazine,CCNC1=NC(NC(C)(C)C)=NC(Cl)=N1,229.1094,EA028408,EA028409,EA028410,EA028411,EA028412,EA028413,MEPC284,0.837837838
3380,4-Chlorobenzophenone,Clc1ccc(cc1)C(=O)c1ccccc1,216.0342,EQ338001,EQ338002,EQ338003,EQ338004,EQ338005,EQ338006,METP3380,2828,Methadon,CCC(=O)C(CC(C)N(C)C)(C1=CC=CC=C1)C1=CC=CC=C1,309.2093,EA282808,EA282809,EA282810,EA282811,EA282812,EA282813,MEPC2828,0.235294118
697,Atenololsäure (Metoprololsäure),CC(C)NCC(O)COC1=CC=C(CC(O)=O)C=C1,267.1471,EA069708,EA069709,EA069710,EA069711,EA069712,EA069713,METP697,3244,Betamethasone 21,O=C(OCC(=O)[C@]3(O)[C@]2(C[C@H](O)[C@]4(F)[C@@]/1(\C(=C/C(=O)\C=C\1)CC[C@H]4[C@@H]2C[C@@H]3C)C)C)C,434.2105,EQ324401,EQ324402,NA,EQ324404,EQ324405,EQ324406,MEPC3244,0.409836066
2572,Lidocaine,CCN(CC)CC(=O)Nc1c(C)cccc1C,234.1732,EA257208,EA257209,EA257210,EA257211,EA257212,EA257213,METP2572,2862,"2',3'-di-O-acetyl-5'-deoxy-5-fluorocytidine",FC=1\C(=N/C(=O)N(C=1)[C@@H]2O[C@@H]([C@@H](OC(=O)C)[C@H]2OC(=O)C)C)\N,329.1023,EA286208,EA286209,EA286210,EA286211,EA286212,EA286213,MEPC2862,0.342857143
2823,Benzoylecgonin,CN1C2CCC1[C@H]([C@H](C2)OC(=O)C1=CC=CC=C1)C(O)=O,289.1314,EA282308,EA282309,EA282310,EA282311,EA282312,EA282313,METP2823,142,Propazine-2-hydroxy,n(c(nc1NC(C)C)O)c(n1)NC(C)C,211.1433,EA034708,EA034709,EA034710,EA034711,EA034712,EA034713,MEPC142,0.253968254
277,Atrazine-desethyl-2-hydroxy,CC(C)Nc1nc(N)nc(O)n1,169.0964,EA027708,EA027709,EA027710,EA027711,EA027712,EA027713,METP277,293,Diazinon,CCOP(=S)(OCC)OC1=NC(=NC(C)=C1)C(C)C,304.1011,EA029308,EA029309,EA029310,EA029311,EA029312,EA029313,MEPC293,0.431034483
3478,4-chloro-N-methylaniline,CNc1ccc(Cl)cc1,141.0345,EQ347801,EQ347802,EQ347803,EQ347804,EQ347805,EQ347806,METP3478,286,Isoproturon,CC(C)C1=CC=C(NC(=O)N(C)C)C=C1,206.1419,EA028608,EA028609,EA028610,EA028611,EA028612,EA028613,MEPC286,0.366666667
289,Diuron-desdimethyl ,NC(=O)NC1=CC(Cl)=C(Cl)C=C1,203.9857,EA028908,EA028909,EA028910,EA028911,EA028912,EA028913,METP289,3399,Amisulpride N-Oxide,CC[N+]1(CCCC1CNC(=O)C2=CC(=C(C=C2OC)N)S(=O)(=O)CC)[O-],385.1671,EQ339901,EQ339902,EQ339903,EQ339904,EQ339905,EQ339906,MEPC3399,0.2
260,Dimethenamid-ESA,COCC(C)N(C(=O)CS(O)(=O)=O)c1c(C)csc1C,321.0705,EA026008,EA026009,EA026010,EA026011,EA026012,EA026013,METP260,3271,Risperidone,C[N+](CC#C)(CC1=CC=CC=C1)[O-],175.0997,EQ327101,EQ327102,EQ327103,EQ327104,EQ327105,EQ327106,MEPC3271,0.260273973
181,Sulfamethazine,Cc1cc(C)nc(NS(=O)(=O)c2ccc(N)cc2)n1,278.0837,EA018108,EA018109,EA018110,EA018111,EA018112,EA018113,METP181,670,Sebuthylazine,n1c(nc(Cl)nc1NCC)NC(CC)C,229.1094,EA067008,EA067009,EA067010,EA067011,EA067012,EA067013,MEPC670,0.34375
3282,Cotinine,CN1C(CCC1=O)C1=CN=CC=C1,176.095,EQ328201,EQ328202,EQ328203,EQ328204,EQ328205,EQ328206,METP3282,293,Diazinon,CCOP(=S)(OCC)OC1=NC(=NC(C)=C1)C(C)C,304.1011,EA029308,EA029309,EA029310,EA029311,EA029312,EA029313,MEPC293,0.317460317
3396,Venlafaxine N-Oxide,OC1(C(C2=CC=C(OC)C=C2)C[N+](C)(C)[O-])CCCCC1,293.1991,EQ339601,EQ339602,EQ339603,EQ339604,EQ339605,EQ339606,METP3396,2922,Bisperfluorooctyl phosphate,FC(F)(CCOP(=O)(OCCC(F)(F)C(F)(F)C(F)(F)C(F)(F)C(F)(F)C(F)(F)F)O)C(F)(F)C(F)(F)C(F)(F)C(F)(F)C(F)(F)F,789.9823,EA292208,EA292209,EA292210,EA292211,EA292212,EA292213,MEPC2922,0.305084746
347,Terbutylazine-2-hydroxy,CCNc1nc(O)nc(NC(C)(C)C)n1,211.1433,EA034708,EA034709,EA034710,EA034711,EA034712,EA034713,METP347,3476,Chlorcyclizine,CN1CCN(CC1)C(C2=CC=CC=C2)C3=CC=C(C=C3)Cl,300.1393,EQ347601,EQ347602,EQ347603,EQ347604,EQ347605,EQ347606,MEPC3476,0.225806452
1053,O-Desvenlafaxin,CN(C)CC(C1=CC=C(O)C=C1)C1(O)CCCCC1,263.1885,EA105308,EA105309,EA105310,EA105311,EA105312,EA105313,METP1053,3565,N-Desmethyltramadol,CNCC1CCCCC1(c2cccc(c2)OC)O,249.1729,EQ356501,EQ356502,EQ356503,EQ356504,EQ356505,EQ356506,MEPC3565,0.755555556
916,"Carbamazepin-10,11-epoxid",NC(=O)N1C2=C(C=CC=C2)C2OC2C2=C1C=CC=C2,252.0899,EA091608,EA091609,EA091610,EA091611,EA091612,EA091613,METP916,268,Metolachlor,CCC1=C(N(C(C)COC)C(=O)CCl)C(C)=CC=C1,283.1339,EA026808,EA026809,EA026810,EA026811,EA026812,EA026813,MEPC268,0.288135593
3383,1-[(4-Chlorophenyl)phenylmethyl]piperazine,Clc1ccc(cc1)C(N1CCNCC1)c1ccccc1,286.1237,EQ338301,EQ338302,EQ338303,EQ338304,EQ338305,EQ338306,METP3383,191,Clarithromycin,CC[C@H]1OC(=O)[C@H](C)[C@@H](O[C@H]2C[C@@](C)(OC)[C@@H](O)[C@H](C)O2)[C@H](C)[C@@H](O[C@@H]2O[C@H](C)C[C@@H]([C@H]2O)N(C)C)[C@@](C)(C[C@@H](C)C(=O)[C@H](C)[C@@H](O)[C@]1(C)O)OC,747.4769,EA019108,EA019109,EA019110,EA019111,EA019112,EA019113,MEPC191,0.214285714
3634,Thiamphenicol,CS(=O)(=O)c1ccc(cc1)C(O)C(CO)NC(=O)C(Cl)Cl,355.0048,EQ363401,EQ363402,EQ363403,EQ363404,EQ363405,EQ363406,METP3634,708,Propachlor,CC(C)N(C(=O)CCl)C1=CC=CC=C1,211.0764,EA070808,EA070809,EA070810,EA070811,EA070812,EA070813,MEPC708,0.3
67,Metolachlor-Morpholinon,CCC1=CC=CC(C)=C1N1C(C)COCC1=O,233.1416,EA006708,EA006709,EA006710,EA006711,EA006712,EA006713,METP67,645,Venlafaxine,COC1=CC=C(C=C1)C(CN(C)C)C1(O)CCCCC1,277.2042,EQ064501,EQ064502,EQ064503,EQ064504,EQ064505,EQ064506,MEPC645,0.35483871
287,Atrazin-Desisopropyl,CCNC1=NC(Cl)=NC(N)=N1,173.0468,EA028708,EA028709,EA028710,EA028711,EA028712,EA028713,METP287,2804,Candesartan,CCOC1=NC2=CC=CC(C(O)=O)=C2N1CC1=CC=C(C=C1)C1=CC=CC=C1C1=NNN=N1,440.1597,EA280408,EA280409,EA280410,EA280411,EA280412,EA280413,MEPC2804,0.3
277,Atrazin-desethyl-2-hydroxy ,CC(C)NC1=NC(=O)N=C(N)N1,169.0964,EA027708,EA027709,EA027710,EA027711,EA027712,EA027713,METP277,236,4-Acetamidoantipyrine,CC(=O)NC=2C(=O)N(c1ccccc1)N(C)C=2C,245.1164,EA023608,EA023609,EA023610,EA023611,EA023612,EA023613,MEPC236,0.471698113
330,"N-(2,4-dimethylphenyl)formamide",CC1=CC(C)=C(NC=O)C=C1,149.0841,EQ033001,EQ033002,EQ033003,EQ033004,EQ033005,EQ033006,METP330,2567,Tramadol,COC1=CC(=CC=C1)[C@@]1(O)CCCC[C@@H]1CN(C)C,263.1885,EA256708,EA256709,EA256710,EA256711,EA256712,EA256713,MEPC2567,0.18
2657,"N,O-Didesmethylvenlafaxine",CNCC(c1ccc(O)cc1)C1(O)CCCCC1,249.1729,EA265708,EA265709,EA265710,EA265711,EA265712,EA265713,METP2657,288,Atrazine,CCNC1=NC(NC(C)C)=NC(Cl)=N1,215.0938,EA028808,EA028809,EA028810,EA028811,EA028812,EA028813,MEPC288,0.228070175
697,Atenololsäure (Metoprololsäure),CC(C)NCC(O)COC1=CC=C(CC(O)=O)C=C1,267.1471,EA069708,EA069709,EA069710,EA069711,EA069712,EA069713,METP697,3477,"4-chloro-N,N-dimethylaniline",CN(C)c1ccc(cc1)Cl,155.0502,EQ347701,EQ347702,EQ347703,EQ347704,EQ347705,EQ347706,MEPC3477,0.183673469
2734,Azoxystrobin ,CO\C=C(\C(O)=O)c1ccccc1Oc1cc(Oc2ccccc2C#N)ncn1,389.1012,EA273408,EA273409,EA273410,EA273411,EA273412,EA273413,METP2734,3613,"3,4-Methylenedioxy-N-methylamphetamine (MDMA)",CC(CC1=CC2=C(C=C1)OCO2)NC,193.1103,EQ361301,EQ361302,EQ361303,EQ361304,EQ361305,EQ361306,MEPC3613,0.280701754
3399,Amisulpride N-Oxide,CC[N+]1([O-])CCCC1CNC(=O)C1=CC(=C(N)C=C1OC)S(=O)(=O)CC,385.1671,EQ339901,EQ339902,EQ339903,EQ339904,EQ339905,EQ339906,METP3399,117,Ethofumesate,CCOC1OC2=C(C=C(OS(C)(=O)=O)C=C2)C1(C)C,286.0875,EA011708,EA011709,EA011710,EA011711,EA011712,EA011713,MEPC117,0.434782609
3715,"3,4-Methylenedioxyamphetamine (MDA)",CC(N)Cc1ccc2OCOc2c1,179.0946,EQ371501,EQ371502,EQ371503,EQ371504,EQ371505,EQ371506,METP3715,284,Terbutylazine,CCNC1=NC(NC(C)(C)C)=NC(Cl)=N1,229.1094,EA028408,EA028409,EA028410,EA028411,EA028412,EA028413,MEPC284,0.222222222
3005,Pheniramine,CN(C)CCC(c1ccccc1)c1ccccn1,240.1626,ET150001,ET150002,ET150003,ET150004,ET150005,NA,METP3005,133,Prometryn,c1(nc(NC(C)C)nc(n1)SC)NC(C)C,241.1361,EA013308,EA013309,EA013310,EA013311,EA013312,EA013313,MEPC133,0.340909091
142,Propazine-2-hydroxy,CC(C)Nc1nc(O)nc(NC(C)C)n1,211.1433,EA034708,EA034709,EA034710,EA034711,EA034712,EA034713,METP142,674,Verapamil,COC1=CC=C(CCN(C)CCCC(C#N)(C(C)C)C2=CC(OC)=C(OC)C=C2)C=C1OC,454.2832,EA067408,EA067409,EA067410,EA067411,EA067412,EA067413,MEPC674,0.230769231
347,Terbutylazin-2-hydroxy,CCNC1=NC(=O)N=C(NC(C)(C)C)N1,211.1433,EA034708,EA034709,EA034710,EA034711,EA034712,EA034713,METP347,288,Atrazin,CCNC1=NC(NC(C)C)=NC(Cl)=N1,215.0938,EA028808,EA028809,EA028810,EA028811,EA028812,EA028813,MEPC288,0.638297872
3383,1-[(4-Chlorophenyl)phenylmethyl]piperazine,ClC1=CC=C(C=C1)C(N1CCNCC1)C1=CC=CC=C1,286.1237,EQ338301,EQ338302,EQ338303,EQ338304,EQ338305,EQ338306,METP3383,702,Aminopyrine,CN(C)C1=C(C)N(C)N(C1=O)C1=CC=CC=C1,231.1372,EA070208,EA070209,EA070210,EA070211,EA070212,EA070213,MEPC702,0.262295082
166,1H-Benzotriazole,c1ccc2[nH]nnc2c1,119.0483,EA016608,EA016609,EA016610,EA016611,EA016612,EA016613,METP166,3641,Florfenicol,CS(=O)(=O)C1=CC=C(C=C1)C(C(CF)NC(=O)C(Cl)Cl)O,357.0005,EQ364101,EQ364102,EQ364103,EQ364104,EQ364105,EQ364106,MEPC3641,0.125
3271,Pargyline-N-Oxid,C[N+]([O-])(CC#C)CC1=CC=CC=C1,175.0997,ET140101,ET140102,ET140103,ET140104,ET140105,NA,METP3271,347,Terbutylazine-2-hydroxy,CCNC1=NC(O)=NC(NC(C)(C)C)=N1,211.1433,EA034708,EA034709,EA034710,EA034711,EA034712,EA034713,MEPC347,0.186440678
3380,4-Chlorobenzophenone,Clc1ccc(cc1)C(=O)c1ccccc1,216.0342,EQ338001,EQ338002,EQ338003,EQ338004,EQ338005,EQ338006,METP3380,2550,Metformin,CN(C)C(=N)N=C(N)N,129.1014,EA255008,EA255009,EA255010,EA255011,EA255012,EA255013,MEPC2550,0
663,Flufenacet-ESA,CC(C)N(C(=O)CS(O)(=O)=O)C1=CC=C(F)C=C1,275.0628,EA066308,EA066309,EA066310,EA066311,EA066312,EA066313,METP663,2709,Imidacloprid,[O-][N+](=O)NC1=NCCN1CC1=CN=C(Cl)C=C1,255.0523,EA270908,EA270909,EA270910,EA270911,EA270912,EA270913,MEPC2709,0.290697674
3244,Betamethason-21-acetat,C[C@H]1C[C@H]2[C@@H]3CCC4=CC(=O)C=C[C@]4(C)[C@@]3(F)[C@@H](O)C[C@]2(C)[C@@]1(O)C(=O)COC(C)=O,434.2105,EQ324401,EQ324402,NA,EQ324404,EQ324405,EQ324406,METP3244,2845,Capecitabin,CCCCCOC(=O)NC1=NC(=O)N(C=C1F)[C@@H]1O[C@H](C)[C@@H](O)[C@H]1O,359.1493,EQ284501,NA,NA,NA,EQ284505,EQ284506,MEPC2845,0.44047619
3254,Pheniramine-N-oxide,C[N+](C)(CCC(c1ccccc1)c2ccccn2)[O-],256.1576,EQ325401,EQ325402,EQ325403,EQ325404,EQ325405,EQ325406,METP3254,1038,4-Formylaminoantipyrine,O=C2C(\NC=O)=C(\C)N(C)N2c1ccccc1,231.1008,EA103808,EA103809,EA103810,EA103811,EA103812,EA103813,MEPC1038,0.285714286
125,"2-Amino-4-methoxy-6-methyl-1,3,5 triazin",COC1=NC(N)=NC(C)=N1,140.0698,EA012508,EA012509,EA012510,EA012511,EA012512,EA012513,METP125,2772,Cetirizine,N1([C@@H](c2ccc(Cl)cc2)c2ccccc2)CCN(CCOCC(O)=O)CC1,388.1554,EA277208,EA277209,EA277210,EA277211,EA277212,EA277213,MEPC2772,0.212121212
3565,N-Desmethyltramadol,CN(C)CC1CCCCC1(O)C1=CC(O)=CC=C1,249.1729,EQ356501,EQ356502,EQ356503,EQ356504,EQ356505,EQ356506,METP3565,709,Flufenacet,CC(C)N(C(=O)COC1=NN=C(S1)C(F)(F)F)C1=CC=C(F)C=C1,363.0665,EA070908,EA070909,EA070910,EA070911,EA070912,EA070913,MEPC709,0.315068493
3608,Nordiazepam,ClC1=CC2=C(NC(=O)CN=C2C2=CC=CC=C2)C=C1,270.056,EQ360801,EQ360802,EQ360803,EQ360804,EQ360805,EQ360806,METP3608,658,Oseltamivir,CCOC(=O)C1=C[C@@H](OC(CC)CC)[C@H](NC(C)=O)[C@@H](N)C1,312.2049,EA065808,EA065809,EA065810,EA065811,EA065812,EA065813,MEPC658,0.307692308
2795,Valsartan acid,OC(=O)C1=CC=C(C=C1)C1=CC=CC=C1C1=NNN=N1,266.0804,EQ279501,EQ279502,EQ279503,EQ279504,EQ279505,EQ279506,METP2795,3707,Fenthion-sulfoxide,CC1=C(C=CC(=C1)OP(=S)(OC)OC)S(=O)C,294.0149,EQ370701,EQ370702,EQ370703,EQ370704,EQ370705,EQ370706,MEPC3707,0.163934426
277,Atrazine-desethyl-2-hydroxy,CC(C)Nc1nc(N)nc(O)n1,169.0964,EA027708,EA027709,EA027710,EA027711,EA027712,EA027713,METP277,3275,Deprenyl,C[C@H](CC1=CC=CC=C1)N(C)CC#C,187.1361,EQ327501,EQ327502,EQ327503,EQ327504,EQ327505,EQ327506,MEPC3275,0.166666667
699,Chloridazon-methyl-desphenyl,CN1N=CC(N)=C(Cl)C1=O,159.0199,EA069908,EA069909,EA069910,EA069911,EA069912,EA069913,METP699,3254,Pheniramine-N-oxide,C[N+](C)(CCC(c1ccccc1)c2ccccn2)[O-],256.1576,EQ325401,EQ325402,EQ325403,EQ325404,EQ325405,EQ325406,MEPC3254,0.285714286
502,Metolachlor-ESA,CCC1=CC=CC(C)=C1N(C(C)COC)C(=O)CS(O)(=O)=O,329.1297,EA050208,EA050209,EA050210,EA050211,EA050212,EA050213,METP502,3640,Fentanyl,CCC(=O)N(C1CCN(CCC2=CC=CC=C2)CC1)C1=CC=CC=C1,336.2202,EQ364001,EQ364002,EQ364003,EQ364004,EQ364005,EQ364006,MEPC3640,0.342465753
3461,R-Deprenyl N-Oxide,CC(CC1=CC=CC=C1)[N+](C)([O-])CC#C,203.131,EQ346101,EQ346102,EQ346103,EQ346104,EQ346105,EQ346106,METP3461,286,Isoproturon,CC(C)C1=CC=C(NC(=O)N(C)C)C=C1,206.1419,EA028608,EA028609,EA028610,EA028611,EA028612,EA028613,MEPC286,0.318181818
645,Venlafaxine,COc1ccc(cc1)C(CN(C)C)C1(O)CCCCC1,277.2042,EA064508,EA064509,EA064510,EA064511,EA064512,EA064513,METP645,196,Ranitidine,CN\C(NCCSCC1=CC=C(CN(C)C)O1)=C/[N+]([O-])=O,314.1413,EA019608,EA019609,EA019610,EA019611,EA019612,EA019613,MEPC196,0.383561644
2657,"N,O-Didesmethylvenlafaxine",CNCC(c1ccc(O)cc1)C1(O)CCCCC1,249.1729,EA265708,EA265709,EA265710,EA265711,EA265712,EA265713,METP2657,201,Diclofenac,OC(=O)CC1=CC=CC=C1NC1=C(Cl)C=CC=C1Cl,295.0167,EA020108,EA020109,EA020110,EA020111,EA020112,EA020113,MEPC201,0.333333333
2798,1-Methyl-Benzotriazol,CN1N=NC2=CC=CC=C12,133.064,EA013808,EA013809,EA013810,EA013811,EA013812,EA013813,METP2798,645,Venlafaxin,COC1=CC=C(C=C1)C(CN(C)C)C1(O)CCCCC1,277.2042,EA064508,EA064509,EA064510,EA064511,EA064512,EA064513,MEPC645,0.157894737
3310,Tramadol N-Oxide,COC1=CC=CC(=C1)C1(O)CCCCC1C[N+](C)(C)[O-],279.1834,EQ331001,EQ331002,EQ331003,EQ331004,EQ331005,EQ331006,METP3310,3005,Pheniramine,CN(C)CCC(C1=CC=CC=C1)C2=CC=CC=N2,240.1626,EQ300501,EQ300502,EQ300503,EQ300504,EQ300505,EQ300506,MEPC3005,0.316666667
672,Terbutylazine-desethyl-2-hydroxy,CC(C)(C)Nc1nc(N)nc(O)n1,183.112,EA067208,EA067209,EA067210,EA067211,EA067212,EA067213,METP672,709,Flufenacet,CC(C)N(C(=O)COC1=NN=C(S1)C(F)(F)F)C1=CC=C(F)C=C1,363.0665,EA070908,EA070909,EA070910,EA070911,EA070912,EA070913,MEPC709,0.409090909
698,Chloridazone-desphenyl,Nc1cn[nH]c(=O)c1Cl,145.0043,EA069808,EA069809,EA069810,EA069811,EA069812,EA069813,METP698,3606,"3,4-Methylenedioxy-N-ethylamphetamine (MDEA)",CCNC(C)CC1=CC2=C(C=C1)OCO2,207.1259,EQ360601,EQ360602,EQ360603,EQ360604,EQ360605,EQ360606,MEPC3606,0.184615385
347,Terbutylazine-2-hydroxy,CCNc1nc(O)nc(NC(C)(C)C)n1,211.1433,EA034708,EA034709,EA034710,EA034711,EA034712,EA034713,METP347,708,Propachlor,CC(C)N(C(=O)CCl)C1=CC=CC=C1,211.0764,EA070808,EA070809,EA070810,EA070811,EA070812,EA070813,MEPC708,0.307692308
3632,Theophyline,Cn1c2nc[nH]c2c(=O)n(C)c1=O,180.0647,EQ363201,EQ363202,EQ363203,EQ363204,EQ363205,EQ363206,METP3632,3281,Nordeprenyl,CC(Cc1ccccc1)NCC#C,173.1204,EQ328101,EQ328102,EQ328103,EQ328104,EQ328105,EQ328106,MEPC3281,0.148148148
2706,Pyrimidinol,CC(C)c1nc(C)cc(O)n1,152.095,EA270608,EA270609,EA270610,EA270611,EA270612,EA270613,METP2706,288,Atrazine,CCNC1=NC(NC(C)C)=NC(Cl)=N1,215.0938,EA028808,EA028809,EA028810,EA028811,EA028812,EA028813,MEPC288,0.377777778
3281,Nordeprenyl,CC(CC1=CC=CC=C1)NCC#C,173.1204,EQ328101,EQ328102,EQ328103,EQ328104,EQ328105,EQ328106,METP3281,3681,Flunitrazepam,CN1C2=C(C=C(C=C2)[N+]([O-])=O)C(=NCC1=O)C1=C(F)C=CC=C1,313.0863,EQ368101,EQ368102,EQ368103,EQ368104,EQ368105,EQ368106,MEPC3681,0.166666667
331,"N-(2,4-dimethylphenyl)-N-methylformamidin",CN=CNC1=CC=C(C)C=C1C,162.1157,EA033108,EA033109,EA033110,EA033111,EA033112,EA033113,METP331,128,Metsulfuron-methyl,COC(=O)C1=CC=CC=C1S(=O)(=O)NC(=O)NC1=NC(OC)=NC(C)=N1,381.0743,EA012808,EA012809,EA012810,EA012811,EA012812,EA012813,MEPC128,0.246376812
309,Atrazin-Desethyl,CC(C)NC1=NC(N)=NC(Cl)=N1,187.0625,EA030908,EA030909,EA030910,EA030911,EA030912,EA030913,METP309,304,Isoproturon-monodemethyl,N(C(=O)Nc1ccc(cc1)C(C)C)C,192.1263,EA030408,EA030409,EA030410,EA030411,EA030412,EA030413,MEPC304,0.432432432
3420,N-desmethylpheniramine,CNCCC(C1=CC=CC=C1)C2=CC=CC=N2,226.147,EQ342001,EQ342002,EQ342003,EQ342004,EQ342005,EQ342006,METP3420,3279,Lidocaine-N-Oxide,CC[N+](CC)(CC(=O)NC1=C(C=CC=C1C)C)[O-],250.1681,EQ327901,EQ327902,EQ327903,EQ327904,EQ327905,EQ327906,MEPC3279,0.275862069
2861,Trimipramine,CC(CN(C)C)CN1c2ccccc2CCc2ccccc12,294.2096,EA286108,EA286109,EA286110,EA286111,EA286112,EA286113,METP2861,3184,1H-Benzotriazole-5-carboxylic acid,c1cc2c(cc1C(=O)O)nn[nH]2,163.0382,EQ318401,EQ318402,EQ318403,EQ318404,EQ318405,EQ318406,MEPC3184,0.185185185
3274,Mianserin,CN1CCN2C(C1)c1ccccc1Cc1ccccc21,264.1626,EQ327401,EQ327402,EQ327403,EQ327404,EQ327405,EQ327406,METP3274,2861,Trimipramine,CC(CN(C)C)CN1C2=CC=CC=C2CCC2=C1C=CC=C2,294.2096,EA286108,EA286109,EA286110,EA286111,EA286112,EA286113,MEPC2861,0.7
259,Dimethenamid-OXA,COCC(C)N(C(=O)C(O)=O)c1c(C)csc1C,271.0878,EA025908,EA025909,EA025910,EA025911,EA025912,EA025913,METP259,166,Benzotriazol,N1N=C2C=CC=CC2=N1,119.0483,EA016608,EA016609,EA016610,EA016611,EA016612,EA016613,MEPC166,0.118644068
2658,"N,N-Didesmethylvenlafaxine",COc1ccc(cc1)C(CN)C1(O)CCCCC1,249.1729,EA265808,EA265809,EA265810,EA265811,EA265812,EA265813,METP2658,297,Dichlofluanid,CN(C)S(=O)(=O)N(SC(F)(Cl)Cl)C1=CC=CC=C1,331.9623,EQ029701,EQ029702,EQ029703,EQ029704,EQ029705,EQ029706,MEPC297,0.147058824
93,Metribuzin-Diketo ,CC(C)(C)C1=NNC(=O)N(N)C1=O,184.096,EA009308,EA009309,EA009310,EA009311,EA009312,EA009313,METP93,3084,Meclozine,Clc1ccc(cc1)C(c2ccccc2)N3CCN(CC3)Cc4cccc(c4)C,390.1863,EQ308401,EQ308402,EQ308403,EQ308404,EQ308405,EQ308406,MEPC3084,0.217391304
3446,Clarithromycin N-Oxide,[O-][N+](C)(C)[C@H]3C[C@@H](C)O[C@@H](O[C@@H]2[C@@H](C)[C@H](O[C@H]1C[C@@](C)(OC)[C@@H](O)[C@H](C)O1)[C@@H](C)C(=O)O[C@H](CC)[C@@](C)(O)[C@H](O)[C@@H](C)C(=O)[C@H](C)C[C@@]2(C)OC)[C@@H]3O,763.4718,EQ344601,EQ344602,EQ344603,EQ344604,EQ344605,EQ344606,METP3446,2572,Lidocaine,CCN(CC)CC(=O)NC1=C(C)C=CC=C1C,234.1732,EA257208,EA257209,EA257210,EA257211,EA257212,EA257213,MEPC2572,0.319444444
2737,Ranitidin-S-oxid,CN\C(NCCS(=O)CC1=CC=C(CN(C)C)O1)=C/[N+]([O-])=O,330.1362,EA273708,EA273709,EA273710,EA273711,EA273712,EA273713,METP2737,3084,Meclozine,Clc1ccc(cc1)C(c2ccccc2)N3CCN(CC3)Cc4cccc(c4)C,390.1863,EQ308401,EQ308402,EQ308403,EQ308404,EQ308405,EQ308406,MEPC3084,0.256097561
3186,"1H-1,2,3-triazole-5-OH",O=C1NNC=N1,85.0276,EQ318601,EQ318602,EQ318603,EQ318604,EQ318605,EQ318606,METP3186,169,Atenolol,CC(C)NCC(O)COC1=CC=C(CC(N)=O)C=C1,266.163,EA016908,EA016909,EA016910,EA016911,EA016912,EA016913,MEPC169,0.271186441
2670,Atenolol-desisopropyl,NCC(O)COC1=CC=C(CC(N)=O)C=C1,224.1161,EA267008,EA267009,EA267010,EA267011,EA267012,EA267013,METP2670,209,Bezafibrate,CC(C)(OC1=CC=C(CCNC(=O)C2=CC=C(Cl)C=C2)C=C1)C(O)=O,361.1081,EA020908,EA020909,EA020910,EA020911,EA020912,EA020913,MEPC209,0.547169811
179,Sulfadiazine,Nc1ccc(cc1)S(=O)(=O)Nc1ncccn1,250.0524,EA017908,EA017909,EA017910,EA017911,EA017912,EA017913,METP179,194,Carbamazepine,NC(=O)N1C2=C(C=CC=C2)C=CC2=C1C=CC=C2,236.095,EA019408,EA019409,EA019410,EA019411,EA019412,EA019413,MEPC194,0.327586207
330,"N-(2,4-dimethylphenyl)formamide",Cc1ccc(NC=O)c(C)c1,149.0841,EQ033001,EQ033002,EQ033003,EQ033004,EQ033005,EQ033006,METP330,269,Metazachlor,CC1=CC=CC(C)=C1N(CN1C=CC=N1)C(=O)CCl,277.0982,EA026908,EA026909,EA026910,EA026911,EA026912,EA026913,MEPC269,0.340425532
299,N4-Acetyl-Sulfamethoxazol,CC(=O)NC1=CC=C(C=C1)S(=O)(=O)NC1=NOC(C)=C1,295.0627,EA029908,EA029909,EA029910,EA029911,EA029912,EA029913,METP299,2741,Propazine,c1(nc(nc(n1)Cl)NC(C)C)NC(C)C,229.1094,EA274108,EA274109,EA274110,EA274111,EA274112,EA274113,MEPC2741,0.287878788
285,Isoproturon-didemethyl,CC(C)c1ccc(NC(N)=O)cc1,178.1106,EA028508,EA028509,EA028510,EA028511,EA028512,EA028513,METP285,3646,"2-(Methylsulfanyl)-1,3-benzothiazole",CSC1=NC2=CC=CC=C2S1,181.002,EQ364601,EQ364602,EQ364603,EQ364604,EQ364605,EQ364606,MEPC3646,0.189189189
283,Irgarol-descyclopropyl,CSc1nc(N)nc(NC(C)(C)C)n1,213.1048,EA028308,EA028309,EA028310,EA028311,EA028312,EA028313,METP283,1053,O-desmethylvenlafaxine,CN(C)CC(C1=CC=C(C=C1)O)C2(CCCCC2)O,263.1885,EA105308,EA105309,EA105310,EA105311,EA105312,EA105313,MEPC1053,0.2
4,Metamitron-desamino,CC1=NC(=O)C(=NN1)C1=CC=CC=C1,187.0746,EA000408,EA000409,EA000410,EA000411,EA000412,EA000413,METP4,151,Trinexapac-ethyl,CCOC(=O)C1CC(=O)C(=C(O)C2CC2)C(=O)C1,252.0998,EA015108,EA015109,EA015110,EA015111,EA015112,EA015113,MEPC151,0.137931034
304,Isoproturon-monodemethyl ,CNC(=O)NC1=CC=C(C=C1)C(C)C,192.1263,EA030408,EA030409,EA030410,EA030411,EA030412,EA030413,METP304,297,Dichlofluanid,CN(C)S(=O)(=O)N(SC(F)(Cl)Cl)C1=CC=CC=C1,331.9623,EQ029701,EQ029702,EQ029703,EQ029704,EQ029705,EQ029706,MEPC297,0.346938776
279,Atrazin-2-Hydroxy,CCNC1=NC(=O)N=C(NC(C)C)N1,197.1277,EA027908,EA027909,EA027910,EA027911,EA027912,EA027913,METP279,3008,Nicotine,CN1CCC[C@H]1C1=CN=CC=C1,162.1157,EQ300801,EQ300802,EQ300803,EQ300804,EQ300805,EQ300806,MEPC3008,0.280701754
671,Terbutylazin-desethyl,CC(C)(C)NC1=NC(N)=NC(Cl)=N1,201.0781,EA067108,EA067109,EA067110,EA067111,EA067112,EA067113,METP671,336,Fenofibrate,CC(C)OC(=O)C(C)(C)OC1=CC=C(C=C1)C(=O)C1=CC=C(Cl)C=C1,360.1128,EA033608,EA033609,EA033610,EA033611,EA033612,EA033613,MEPC336,0.270833333
2705,Diazoxon,CCOP(=O)(OCC)OC1=NC(=NC(C)=C1)C(C)C,288.1239,EA270508,EA270509,EA270510,EA270511,EA270512,EA270513,METP2705,288,Atrazine,CCNC1=NC(NC(C)C)=NC(Cl)=N1,215.0938,EA028808,EA028809,EA028810,EA028811,EA028812,EA028813,MEPC288,0.362068966
247,N4-Acetyl-Sulfamethazin,CC(=O)NC1=CC=C(C=C1)S(=O)(=O)NC1=NC(C)=CC(C)=N1,320.0943,EA024708,EA024709,EA024710,EA024711,EA024712,EA024713,METP247,645,Venlafaxin,COC1=CC=C(C=C1)C(CN(C)C)C1(O)CCCCC1,277.2042,EA064508,EA064509,EA064510,EA064511,EA064512,EA064513,MEPC645,0.17721519
287,Atrazine-desisopropyl,CCNc1nc(N)nc(Cl)n1,173.0468,EA028708,EA028709,EA028710,EA028711,EA028712,EA028713,METP287,2610,Hydrochlorothiazide,NS(=O)(=O)C1=CC2=C(NCNS2(=O)=O)C=C1Cl,296.9645,EA261008,EA261009,EA261010,EA261011,EA261012,EA261013,MEPC2610,0.382352941
337,Fenofibrinsäure,CC(C)(OC1=CC=C(C=C1)C(=O)C1=CC=C(Cl)C=C1)C(O)=O,318.0659,EA033708,EA033709,EA033710,EA033711,EA033712,EA033713,METP337,2780,Codeine,CN1CC[C@]23[C@@H]4[C@H]1CC5=C2C(=C(C=C5)OC)O[C@H]3[C@H](C=C4)O,299.1521,EA278008,EA278009,EA278010,EA278011,EA278012,EA278013,MEPC2780,0.327586207
3471,Norlidocaine,CCNCC(=O)NC1=C(C)C=CC=C1C,206.1419,EQ347101,EQ347102,EQ347103,EQ347104,EQ347105,EQ347106,METP3471,254,Dimethenamid,COCC(C)N(C(=O)CCl)C1=C(C)SC=C1C,275.0747,EA025408,EA025409,EA025410,EA025411,EA025412,EA025413,MEPC254,0.436363636
2666,Fipronil,Nc1c(c(nn1-c1c(Cl)cc(cc1Cl)C(F)(F)F)C#N)S(=O)C(F)(F)F,435.9387,EA266608,EA266609,EA266610,EA266611,EA266612,EA266613,METP2666,2854,Clopidogrel carboxylic acid,C1CN(CC2=C1SC=C2)C(C3=CC=CC=C3Cl)C(=O)O,307.0434,EA285408,EA285409,EA285410,EA285411,EA285412,EA285413,MEPC2854,0.328571429
52,4-Isopropylanilin,CC(C)C1=CC=C(N)C=C1,135.1048,EA005208,EA005209,EA005210,EA005211,EA005212,EA005213,METP52,702,Aminopyrine,CN(C)C1=C(C)N(C)N(C1=O)C1=CC=CC=C1,231.1372,EA070208,EA070209,EA070210,EA070211,EA070212,EA070213,MEPC702,0.244444444
3612,Norfentanyl,CCC(=O)N(C1CC[NH2+]CC1)C1=CC=CC=C1,233.1654,EQ361201,EQ361202,EQ361203,EQ361204,EQ361205,EQ361206,METP3612,2817,Cocaine,COC(=O)C1C2CCC(CC1OC(=O)C1=CC=CC=C1)N2C,303.1471,EA281708,EA281709,EA281710,EA281711,EA281712,EA281713,MEPC2817,0.333333333
668,Simazin-2-hydroxy,CCNC1=NC(=O)N=C(NCC)N1,183.112,EA066808,EA066809,EA066810,EA066811,EA066812,EA066813,METP668,278,Carbendazim,COC(=O)NC1=NC2=C(N1)C=CC=C2,191.0695,EQ027801,EQ027802,EQ027803,EQ027804,EQ027805,EQ027806,MEPC278,0.5
2744,Morphine,CN1CC[C@@]23[C@H]4Oc5c2c(C[C@@H]1[C@@H]3C=C[C@@H]4O)ccc5O,285.1365,EA274408,EA274409,EA274410,EA274411,EA274412,EA274413,METP2744,302,Irgarol,CSC1=NC(NC(C)(C)C)=NC(NC2CC2)=N1,253.1361,EA030208,EA030209,EA030210,EA030211,EA030212,EA030213,MEPC302,0.23880597
279,Atrazine-2-hydroxy,CCNc1nc(O)nc(NC(C)C)n1,197.1277,EA027908,EA027909,EA027910,EA027911,EA027912,EA027913,METP279,309,Atrazine-desethyl,c1(nc(nc(n1)Cl)N)NC(C)C,187.0625,EA030908,EA030909,EA030910,EA030911,EA030912,EA030913,MEPC309,0.533333333
298,Sulfamethoxazole,Cc1cc(NS(=O)(=O)c2ccc(N)cc2)no1,253.0521,EA029808,EA029809,EA029810,EA029811,EA029812,EA029813,METP298,185,Sulfathiazol,NC1=CC=C(C=C1)S(=O)(=O)NC1=NC=CS1,255.0136,EA018508,EA018509,EA018510,EA018511,EA018512,EA018513,MEPC185,0.833333333
3280,Nornicotine,C1CNC(C1)C1=CC=CN=C1,148.1,EQ328001,EQ328002,EQ328003,EQ328004,EQ328005,EQ328006,METP3280,1034,N-Desmethylvenlafaxine,CNCC(C1=CC=C(C=C1)OC)C2(CCCCC2)O,263.1885,EA103408,EA103409,EA103410,EA103411,EA103412,EA103413,MEPC1034,0.26
2955,Thiacloprid-amide,NC(=O)N=C1SCCN1CC1=CN=C(Cl)C=C1,270.0342,EA295508,EA295509,EA295510,EA295511,EA295512,EA295513,METP2955,306,Terbutryn,c1(nc(nc(n1)SC)NCC)NC(C)(C)C,241.1361,EA030608,EA030609,EA030610,EA030611,EA030612,EA030613,MEPC306,0.353846154
3599,Fenthion-sulfone,COP(=S)(OC)Oc1ccc(c(C)c1)S(C)(=O)=O,310.0099,EQ359901,EQ359902,EQ359903,EQ359904,EQ359905,EQ359906,METP3599,2668,Fipronil-sulfide,FC(F)(F)c2cc(Cl)c(n1nc(C#N)c(SC(F)(F)F)c1N)c(Cl)c2,419.9438,EA266808,EA266809,EA266810,EA266811,EA266812,EA266813,MEPC2668,0.191176471
1038,4-Formylaminoantipyrin (4-FAA),CN1N(C(=O)C(NC=O)=C1C)C1=CC=CC=C1,231.1008,EA103808,EA103809,EA103810,EA103811,EA103812,EA103813,METP1038,194,Carbamazepine,NC(=O)N1C2=C(C=CC=C2)C=CC2=C1C=CC=C2,236.095,EA019408,EA019408,EA019408,EA019408,EA019408,EA019408,MEPC194,0.365384615
3380,4-Chlorobenzophenone,Clc1ccc(cc1)C(=O)c1ccccc1,216.0342,EQ338001,EQ338002,EQ338003,EQ338004,EQ338005,EQ338006,METP3380,3242,Betamethason,C[C@H]1C[C@H]2[C@@H]3CCC4=CC(=O)C=C[C@]4(C)[C@@]3(F)[C@@H](O)C[C@]2(C)[C@@]1(O)C(=O)CO,392.1999,EQ324201,NA,NA,NA,EQ324205,NA,MEPC3242,0.176470588
185,Sulfathiazole,Nc1ccc(cc1)S(=O)(=O)Nc1nccs1,255.0136,EA018508,EA018509,EA018510,EA018511,EA018512,EA018513,METP185,3185,"1H-1,2,3-triazole",N1N=CC=N1,69.0327,EQ318501,EQ318502,EQ318503,EQ318504,EQ318505,EQ318506,MEPC3185,0.31372549
309,Atrazine-desethyl,CC(C)Nc1nc(N)nc(Cl)n1,187.0625,EA030908,EA030909,EA030910,EA030911,EA030912,EA030913,METP309,3622,Mirtazapine,CN1CCN2C(C1)C1=C(CC3=C2N=CC=C3)C=CC=C1,265.1579,EQ362201,EQ362202,EQ362203,EQ362204,EQ362205,EQ362206,MEPC3622,0.294117647
2956,Imidacloprid-urea,ClC1=NC=C(CN2CCNC2=O)C=C1,211.0512,EA295608,EA295609,EA295610,EA295611,EA295612,EA295613,METP2956,2841,Clozapin,CN1CCN(CC1)C1=C2C=CC=CC2=NC2=C(N1)C=C(Cl)C=C2,326.1298,EA284108,EA284109,EA284110,EA284111,EA284112,EA284113,MEPC2841,0.457142857
3607,Norclozapine,ClC1=CC2=C(C=C1)N=C1C=CC=CC1=C(N2)N1CCNCC1,312.1142,EQ360701,EQ360702,EQ360703,EQ360704,EQ360705,EQ360706,METP3607,3106,Emtricitabine,FC=1\C(=N/C(=O)N(C=1)[C@H]2O[C@H](SC2)CO)\N,247.0427,EQ310601,EQ310602,EQ310603,EQ310604,EQ310605,EQ310606,MEPC3106,0.392857143
3066,4-Chlorophenol,Oc1ccc(Cl)cc1,128.0029,EQ306601,EQ306602,EQ306603,EQ306604,EQ306605,EQ306606,METP3066,2561,Gabapentin,NCC1(CC(O)=O)CCCCC1,171.1259,EA256108,EA256109,EA256110,EA256111,EA256112,EA256113,MEPC2561,0.138888889
245,N4-Acetyl-Sulfadimethoxin,COC1=CC(OC)=NC(NS(=O)(=O)C2=CC=C(NC(C)=O)C=C2)=N1,352.0841,EA024508,EA024509,EA024510,EA024511,EA024512,EA024513,METP245,306,Terbutryn,c1(nc(nc(n1)SC)NCC)NC(C)(C)C,241.1361,EA030608,EA030609,EA030610,EA030611,EA030612,EA030613,MEPC306,0.408450704
3383,1-[(4-Chlorophenyl)phenylmethyl]piperazine,Clc1ccc(cc1)C(N1CCNCC1)c1ccccc1,286.1237,EQ338301,EQ338302,EQ338303,EQ338304,EQ338305,EQ338306,METP3383,262,Simazine,c1(nc(nc(n1)Cl)NCC)NCC,201.0781,EA026208,EA026209,EA026210,EA026211,EA026212,EA026213,MEPC262,0.425531915
3380,4-Chlorobenzophenone,Clc1ccc(cc1)C(=O)c1ccccc1,216.0342,EQ338001,EQ338002,EQ338003,EQ338004,EQ338005,EQ338006,METP3380,2603,Gemcitabine,NC1=NC(=O)N(C=C1)[C@@H]1O[C@H](CO)[C@@H](O)C1(F)F,263.0718,EA260308,EA260309,EA260310,EA260311,EA260312,EA260313,MEPC2603,0.140625
277,Atrazin-desethyl-2-hydroxy,CC(C)NC1=NC(=O)N=C(N)N1,169.0964,EA027708,EA027709,EA027710,EA027711,EA027712,EA027713,METP277,84,Dichlobenil,ClC1=CC=CC(Cl)=C1C#N,170.9643,EA008408,EA008409,EA008410,EA008411,EA008412,NA,MEPC84,0.095238095
3619,Ecgonine-methyl-ester (EME),COC(=O)[C@@H]1C2CCC(C[C@@H]1O)N2C,199.1208,EQ361901,EQ361902,EQ361903,EQ361904,EQ361905,EQ361906,METP3619,2954,Thiacloprid,C1CSC(=NC#N)N1CC2=CN=C(C=C2)Cl,252.0236,EA295408,EA295409,EA295410,EA295411,EA295412,EA295413,MEPC2954,0.287878788
666,Propachlor-OXA,CC(C)N(C(=O)C(O)=O)C1=CC=CC=C1,207.0895,EA066608,EA066609,EA066610,EA066611,EA066612,EA066613,METP666,89,Azoxystrobin,CO\C=C(\C(=O)OC)C1=CC=CC=C1OC1=NC=NC(OC2=C(C=CC=C2)C#N)=C1,403.1168,EA008908,EA008909,EA008910,EA008911,EA008912,EA008913,MEPC89,0.307692308
1034,N-Desvenlafaxin,CNCC(C1=CC=C(OC)C=C1)C1(O)CCCCC1,263.1885,EA103408,EA103409,EA103410,EA103411,EA103412,EA103413,METP1034,268,Metolachlor,CCC1=C(N(C(C)COC)C(=O)CCl)C(C)=CC=C1,283.1339,EA026808,EA026809,EA026810,EA026811,EA026812,EA026813,MEPC268,0.305084746
142,Propazine-2-hydroxy,CC(C)Nc1nc(O)nc(NC(C)C)n1,211.1433,EA034708,EA034709,EA034710,EA034711,EA034712,EA034713,METP142,249,N4-Acetylsulfathiazole,c1(ccc(NC(=O)C)cc1)S(=O)(NC2=NC=CS2)=O,297.0242,EA024908,EA024909,EA024910,EA024911,EA024912,EA024913,MEPC249,0.34375
3381,Cetirizine N-Oxide,OC(=O)COCC[N+]1([O-])CCN(CC1)C(C1=CC=CC=C1)C1=CC=C(Cl)C=C1,404.1503,EQ338101,EQ338102,EQ338103,EQ338104,EQ338105,EQ338106,METP3381,303,Caffeine,c12c(n(c(=O)n(c1=O)C)C)ncn2C,194.0804,EA030308,EA030309,EA030310,EA030311,EA030312,EA030313,MEPC303,0.3
118,Ethofumesat-2-keto,CC1(C)C(=O)OC2=C1C=C(OS(C)(=O)=O)C=C2,256.0405,EA011808,EA011809,EA011810,EA011811,EA011812,EA011813,METP118,3274,Mianserin,CN1CCN2C(C1)C1=C(CC3=C2C=CC=C3)C=CC=C1,264.1626,EQ327401,EQ327402,EQ327403,EQ327404,EQ327405,EQ327406,MEPC3274,0.126760563
3277,Normianserin,C1CN2C(CN1)C3=CC=CC=C3CC4=CC=CC=C42,250.147,EQ327701,EQ327702,EQ327703,EQ327704,EQ327705,EQ327706,METP3277,58,Metamitron,CC1=NN=C(C(=O)N1N)C1=CC=CC=C1,202.0855,EA005808,EA005809,EA005810,EA005811,EA005812,EA005813,MEPC58,0.310344828
3397,4'-Hydroxy Diclofenac,OC(=O)CC1=C(NC2=C(Cl)C=C(O)C=C2Cl)C=CC=C1,311.0116,EQ339701,EQ339702,EQ339703,EQ339704,EQ339705,EQ339706,METP3397,2626,Diazepam,CN1C2=C(C=C(Cl)C=C2)C(=NCC1=O)C1=CC=CC=C1,284.0716,EA262608,EA262609,EA262610,EA262611,EA262612,EA262613,MEPC2626,0.344827586
3398,N-Bisdesmethyl Tramadol,COc1cccc(c1)C1(O)CCCCC1CN,235.1572,EQ339801,EQ339802,EQ339803,EQ339804,EQ339805,EQ339806,METP3398,285,Isoproturon-didemethyl,N(C(=O)N)c1ccc(cc1)C(C)C,178.1106,EA028508,EA028509,EA028510,EA028511,EA028512,EA028513,MEPC285,0.196078431
2924,Perfluorooctyl phosphate,OP(O)(=O)OCCC(F)(F)C(F)(F)C(F)(F)C(F)(F)C(F)(F)C(F)(F)F,443.9796,EA292408,EA292409,EA292410,EA292411,EA292412,EA292413,METP2924,286,Isoproturon,CC(C)C1=CC=C(NC(=O)N(C)C)C=C1,206.1419,EA028608,EA028609,EA028610,EA028611,EA028612,EA028613,MEPC286,0.058823529
3066,4-Chlorophenol,Oc1ccc(Cl)cc1,128.0029,EQ306601,EQ306602,EQ306603,EQ306604,EQ306605,EQ306606,METP3066,3310,Tramadol N-Oxide,[O-][N+](C)(C)C[C@H]2CCCC[C@]2(O)c1cc(OC)ccc1,279.1834,EQ331001,EQ331002,EQ331003,EQ331004,EQ331005,EQ331006,MEPC3310,0.181818182
2953,Methiocarb-sulfoxide,CNC(=O)OC1=CC(C)=C(C(C)=C1)S(C)=O,241.0773,EA295308,EA295309,EA295310,EA295311,EA295312,EA295313,METP2953,201,Diclofenac,OC(=O)CC1=CC=CC=C1NC1=C(Cl)C=CC=C1Cl,295.0167,EA020108,EA020109,EA020110,EA020111,EA020112,EA020113,MEPC201,0.254545455
138,2-Aminobenzimidazol,NC1=NC2=C(N1)C=CC=C2,133.064,EA013808,EA013809,EA013810,EA013811,EA013812,EA013813,METP138,699,Chloridazone-methyl-desphenyl,ClC(=C(C=N1)N)C(=O)N1C,159.0199,EA069908,EA069909,EA069910,EA069911,EA069912,EA069913,MEPC699,0.32
125,"2-Amino-4-methoxy-6-methyl-1,3,5 triazin",COC1=NC(N)=NC(C)=N1,140.0698,EA012508,EA012509,EA012510,EA012511,EA012512,EA012513,METP125,707,Dimethachlor,COCCN(C(=O)CCl)C1=C(C)C=CC=C1C,255.1026,EA070708,EA070709,EA070710,EA070711,EA070712,EA070713,MEPC707,0.266666667
335,Norfluoxetin,NCCC(OC1=CC=C(C=C1)C(F)(F)F)C1=CC=CC=C1,295.1184,EQ033501,EQ033502,EQ033503,EQ033504,EQ033505,EQ033506,METP335,334,Fluoxetin,CNCCC(OC1=CC=C(C=C1)C(F)(F)F)C1=CC=CC=C1,309.134,EA033408,NA,NA,NA,EA033412,EA033413,MEPC334,0.828571429
2795,Valsartan acid,OC(=O)C1=CC=C(C=C1)C1=CC=CC=C1C1=NNN=N1,266.0804,EQ279501,EQ279502,EQ279503,EQ279504,EQ279505,EQ279506,METP2795,2852,Amisulpride,CCN1CCCC1CNC(=O)C1=C(OC)C=C(N)C(=C1)S(=O)(=O)CC,369.1722,EA285208,EA285209,EA285210,EA285211,EA285212,EA285213,MEPC2852,0.233333333
845,4-Aminoantipyrine,Cc1c(N)c(=O)n(-c2ccccc2)n1C,203.1059,EA084508,EA084508,EA084508,EA084508,EA084508,EA084508,METP845,157,Atraton,COc1nc(NCC)nc(NC(C)C)n1,211.1433,EA015708,EA015709,EA015710,EA015711,EA015712,EA015713,MEPC157,0.438596491
2658,"N,N-Didesvenlafaxin",COC1=CC=C(C=C1)C(CN)C1(O)CCCCC1,249.1729,EA265808,EA265809,EA265810,EA265811,EA265812,EA265813,METP2658,2774,Irbesartan,CCCCC1=NC2(CCCC2)C(=O)N1CC1=CC=C(C=C1)C1=CC=CC=C1C1=NNN=N1,428.2325,EA277408,EA277409,EA277410,EA277411,EA277412,EA277413,MEPC2774,0.283783784
3715,"3,4-Methylenedioxyamphetamine (MDA)",CC(N)Cc1ccc2OCOc2c1,179.0946,EQ371501,EQ371502,EQ371503,EQ371504,EQ371505,EQ371506,METP3715,254,Dimethenamid,COCC(C)N(C(=O)CCl)C1=C(C)SC=C1C,275.0747,EA025408,EA025409,EA025410,EA025411,EA025412,EA025413,MEPC254,0.327272727
294,Diuron-desmonomethyl ,CNC(=O)NC1=CC(Cl)=C(Cl)C=C1,218.0014,EA029408,EA029409,EA029410,EA029411,EA029412,EA029413,METP294,3396,Venlafaxine N-Oxide,OC1(C(C2=CC=C(OC)C=C2)C[N+](C)(C)[O-])CCCCC1,293.1991,EA010708,EA010709,EA010710,EA010711,EA010712,EA010713,MEPC3396,0.119402985
249,N4-Acetyl-Sulfathiazol,CC(=O)NC1=CC=C(C=C1)S(=O)(=O)NC1=NC=CS1,297.0242,EA024908,EA024909,EA024910,EA024911,EA024912,EA024913,METP249,3004,Pargyline,CN(CC#C)CC1=CC=CC=C1,159.1048,EQ300401,EQ300402,EQ300403,EQ300404,EQ300405,EQ300406,MEPC3004,0.114754098
665,Propachlor-ESA,CC(C)N(C(=O)CS(O)(=O)=O)C1=CC=CC=C1,257.0722,EA066508,EA066509,EA066510,EA066511,EA066512,EA066513,METP665,124,Thifensulfuron-methyl,COC(=O)C1=C(C=CS1)S(=O)(=O)NC(=O)NC1=NC(C)=NC(OC)=N1,387.0307,EA012408,EA012409,EA012410,EA012411,EA012412,EA012413,MEPC124,0.426829268
3029,Ticlopidine,Clc1ccccc1CN1CCc2sccc2C1,263.0535,EQ302901,EQ302902,EQ302903,EQ302904,EQ302905,EQ302906,METP3029,2666,Fipronil,NC1=C(C(=NN1C1=C(Cl)C=C(C=C1Cl)C(F)(F)F)C#N)S(=O)C(F)(F)F,435.9387,EA266608,EA266609,EA266610,EA266611,EA266612,EA266613,MEPC2666,0.328125
2535,Dimethachlor-ESA,COCCN(C(=O)CS(O)(=O)=O)c1c(C)cccc1C,301.0984,EA253508,EA253509,EA253510,EA253511,EA253512,EA253513,METP2535,298,Sulfamethoxazole,CC1=CC(NS(=O)(=O)C2=CC=C(N)C=C2)=NO1,253.0521,EA029808,EA029809,EA029810,EA029811,EA029812,EA029813,MEPC298,0.364705882
2649,"2',2'-Difluorodeoxyuridin",C1=CN(C(=O)NC1=O)C2C(C(C(O2)CO)O)(F)F,264.0558,EA264908,EA264909,EA264910,EA264911,EA264912,EA264913,METP2649,292,Diuron,CN(C)C(=O)NC1=CC(Cl)=C(Cl)C=C1,232.017,EA029208,EA029209,EA029210,EA029211,EA029212,EA029213,MEPC292,0.363636364
3398,N-Bisdesmethyl Tramadol,COC1=CC=CC(=C1)C1(O)CCCCC1CN,235.1572,EQ339801,EQ339802,EQ339803,EQ339804,EQ339805,EQ339806,METP3398,3008,Nicotine,CN1CCC[C@H]1C1=CN=CC=C1,162.1157,EQ300801,EQ300802,EQ300803,EQ300804,EQ300805,EQ300806,MEPC3008,0.228070175
2738,Ranitidin-N-oxid,CN\C(NCCSCC1=CC=C(C[N+](C)(C)[O-])O1)=C/[N+]([O-])=O,330.1362,EA273808,EA273809,EA273810,EA273811,EA273812,EA273813,METP2738,2567,Tramadol,COC1=CC(=CC=C1)[C@@]1(O)CCCC[C@@H]1CN(C)C,263.1885,EA256708,EA256709,EA256710,EA256711,EA256712,EA256713,MEPC2567,0.379746835
296,"DMSA (=N,N-Dimethylaminosulfanilid)",CN(C)S(=O)(=O)NC1=CC=CC=C1,200.0619,EA029608,EA029609,EA029610,EA029611,EA029612,EA029613,METP296,128,Metsulfuron-methyl,COC(=O)C1=CC=CC=C1S(=O)(=O)NC(=O)NC1=NC(OC)=NC(C)=N1,381.0743,EA012808,EA012809,EA012810,EA012811,EA012812,EA012813,MEPC128,0.5
2657,"N,O-Didesvenlafaxin",CNCC(C1=CC=C(O)C=C1)C1(O)CCCCC1,249.1729,EA265708,EA265709,EA265710,EA265711,EA265712,EA265713,METP2657,194,Carbamazepine,NC(=O)N1C2=C(C=CC=C2)C=CC2=C1C=CC=C2,236.095,EA019408,EA019408,EA019408,EA019408,EA019408,EA019408,MEPC194,0.140350877
142,Propazine-2-hydroxy,CC(C)NC1=NC(=O)N=C(NC(C)C)N1,211.1433,EA034708,EA034709,EA034710,EA034711,EA034712,EA034713,METP142,645,Venlafaxin,COC1=CC=C(C=C1)C(CN(C)C)C1(O)CCCCC1,277.2042,EA064508,EA064509,EA064510,EA064511,EA064512,EA064513,MEPC645,0.233333333
672,Terbutylazin-desethyl-2-hydroxy,CC(C)(C)NC1=NC(=O)N=C(N)N1,183.112,EA067208,EA067209,EA067210,EA067211,EA067212,EA067213,METP672,3201,Hydrocortisone,O=C4\C=C2/[C@]([C@H]1[C@@H](O)C[C@@]3([C@@](O)(C(=O)CO)CC[C@H]3[C@@H]1CC2)C)(C)CC4,362.2093,EQ320101,EQ320102,EQ320103,EQ320104,EQ320105,EQ320106,MEPC3201,0.171428571
3279,Lidocaine-N-Oxide,CC[N+]([O-])(CC)CC(=O)NC1=C(C)C=CC=C1C,250.1681,EQ327901,EQ327902,EQ327903,EQ327904,EQ327905,EQ327906,METP3279,2772,Cetirizine,C1CN(CCN1CCOCC(=O)O)C(C2=CC=CC=C2)C3=CC=C(C=C3)Cl,388.1554,EA277208,EA277209,EA277210,EA277211,EA277212,EA277213,MEPC2772,0.342857143
341,"N,N-Dimethylsulfamid",CN(C)S(N)(=O)=O,124.0306,EA034108,EA034109,EA034110,EA034111,EA034112,EA034113,METP341,2705,Diazoxon,O(c1nc(nc(c1)C)C(C)C)P(OCC)(OCC)=O,288.1239,EA270508,EA270509,EA270510,EA270511,EA270512,EA270513,MEPC2705,0.253968254
3312,Gabapentin Related Compound E,OC(=O)CC1(CCCCC1)C(O)=O,186.0892,EQ331201,EQ331202,EQ331203,EQ331204,EQ331205,EQ331206,METP3312,90,Metribuzin,CSC1=NN=C(C(=O)N1N)C(C)(C)C,214.0888,EA009008,EA009009,EA009010,EA009011,EA009012,EA009013,MEPC90,0.088235294
2701,"Carbamazepin-10,11-dihydro-10,11-dihydroxy",NC(=O)N1C2=C(C=CC=C2)[C@H](O)[C@@H](O)C2=C1C=CC=C2,270.1004,EA270108,EA270109,EA270110,EA270111,EA270112,EA270113,METP2701,2739,Climbazol,CC(C)(C)C(=O)C(N1C=CN=C1)OC2=CC=C(C=C2)Cl,292.0979,EA273908,EA273909,EA273910,EA273911,EA273912,EA273913,MEPC2739,0.423728814
3384,3-[(4-chlorobenzoyl)amino]propanoic acid,OC(=O)CCNC(=O)C1=CC=C(Cl)C=C1,227.0349,EQ338401,EQ338402,EQ338403,EQ338404,EQ338405,EQ338406,METP3384,346,Terbumeton,c1(nc(nc(n1)OC)NCC)NC(C)(C)C,225.159,EA034608,EA034609,EA034610,EA034611,EA034612,EA034613,MEPC346,0.305084746
2825,"EDDP (2-Ethylidene-1,5-dimethyl-3,3-diphenylpyrrolidin)",C\C=C1/N(C)C(C)CC1(C1=CC=CC=C1)C1=CC=CC=C1,277.183,EA282508,EA282509,EA282510,EA282511,EA282512,EA282513,METP2825,3381,Cetirizine N-Oxide,C1C[N+](CCN1C(C2=CC=CC=C2)C3=CC=C(C=C3)Cl)(CCOCC(=O)O)[O-],404.1503,EQ338101,EQ338102,EQ338103,EQ338104,EQ338105,EQ338106,MEPC3381,0.213333333
277,Atrazine-desethyl-2-hydroxy,CC(C)Nc1nc(N)nc(O)n1,169.0964,EA027708,EA027709,EA027710,EA027711,EA027712,EA027713,METP277,248,N4-Acetylsulfadiazine,c1nc(NS(c2ccc(cc2)NC(C)=O)(=O)=O)ncc1,292.063,EA024808,EA024809,EA024810,EA024811,EA024812,EA024813,MEPC248,0.403225806
2567,Tramadol,COc1cccc(c1)[C@@]1(O)CCCC[C@@H]1CN(C)C,263.1885,EA256708,EA256709,EA256710,EA256711,EA256712,EA256713,METP2567,279,Atrazine-2-hydroxy,c1(nc(nc(n1)O)NCC)NC(C)C,197.1277,EA027908,EA027909,EA027910,EA027911,EA027912,EA027913,MEPC279,0.301587302
3004,Pargyline,CN(CC#C)Cc1ccccc1,159.1048,EQ300401,EQ300402,EQ300403,EQ300404,EQ300405,EQ300406,METP3004,667,Simeton,c1(nc(nc(n1)OC)NCC)NCC,197.1277,EA066708,EA066709,EA066710,EA066711,EA066712,EA066713,MEPC667,0.234042553
150,Trinexapac-Säure,OC(=O)C1CC(=O)C(C(=O)C2CC2)C(=O)C1,224.0685,EA015008,EA015009,EA015010,EA015011,EA015012,EA015013,METP150,3383,1-[(4-Chlorophenyl)phenylmethyl]piperazine,C1CN(CCN1)C(C2=CC=CC=C2)C3=CC=C(C=C3)Cl,286.1237,EQ338301,EQ338302,EQ338303,EQ338304,EQ338305,EQ338306,MEPC3383,0.039215686
3199,Cortisone,C[C@]12CC(=O)[C@H]3[C@@H](CCC4=CC(=O)CC[C@]34C)[C@@H]1CC[C@]2(O)C(=O)CO,360.1937,EQ319901,EQ319902,EQ319903,EQ319904,EQ319905,EQ319906,METP3199,3278,Mianserin-N-Oxide,C[N+]1(CCN2c3ccccc3Cc4ccccc4C2C1)[O-],280.1576,EQ327801,EQ327802,EQ327803,EQ327804,EQ327805,EQ327806,MEPC3278,1
3278,Mianserin-N-Oxide,C[N+]1([O-])CCN2C(C1)C1=CC=CC=C1CC1=CC=CC=C21,280.1576,EQ327801,EQ327802,EQ327803,EQ327804,EQ327805,EQ327806,METP3278,132,Prometon,COC1=NC(NC(C)C)=NC(NC(C)C)=N1,225.159,EA013208,EA013209,EA013210,EA013211,EA013212,EA013213,MEPC132,0.142857143
285,Isoproturon-didemethyl ,CC(C)C1=CC=C(NC(N)=O)C=C1,178.1106,EA028508,EA028509,EA028510,EA028511,EA028512,EA028513,METP285,179,Sulfadiazin,NC1=CC=C(C=C1)S(=O)(=O)NC1=NC=CC=N1,250.0524,EA017908,EA017909,EA017910,EA017911,EA017912,EA017913,MEPC179,0.290909091
3719,7-amino-flunitrazepam,CN1C2=CC=C(N)C=C2C(=NCC1=O)C1=CC=CC=C1F,283.1121,EQ371901,EQ371902,EQ371903,EQ371904,EQ371905,EQ371906,METP3719,2583,Valsartan,CCCCC(=O)N(CC1=CC=C(C=C1)C1=CC=CC=C1C1=NNN=N1)[C@@H](C(C)C)C(O)=O,435.227,EA258308,EA258309,EA258310,EA258311,EA258312,EA258313,MEPC2583,0.423076923
248,N4-Acetyl-Sulfadiazin,CC(=O)NC1=CC=C(C=C1)S(=O)(=O)NC1=NC=CC=N1,292.063,EA024808,EA024809,EA024810,EA024811,EA024812,EA024813,METP248,169,Atenolol,CC(C)NCC(O)COC1=CC=C(CC(N)=O)C=C1,266.163,EA016908,EA016909,EA016910,EA016911,EA016912,EA016913,MEPC169,0.236842105
126,2-Aminosulfonyl-benzoicacid-methylester ,COC(=O)C1=C(C=CC=C1)S(N)(=O)=O,215.0252,EA012608,EA012609,EA012610,EA012611,EA012612,EA012613,METP126,132,Prometon,COC1=NC(NC(C)C)=NC(NC(C)C)=N1,225.159,EA013208,EA013209,EA013210,EA013211,EA013212,EA013213,MEPC132,0.2
659,Oseltamivir-carboxylat,CCC(CC)O[C@@H]1C=C(C[C@H](N)[C@H]1NC(C)=O)C(O)=O,284.1736,EA065908,EA065909,EA065910,EA065911,EA065912,EA065913,METP659,3476,Chlorcyclizine,CN1CCN(CC1)C(C2=CC=CC=C2)C3=CC=C(C=C3)Cl,300.1393,EQ347601,EQ347602,EQ347603,EQ347604,EQ347605,EQ347606,MEPC3476,0.147058824
698,Chloridazon-desphenyl,NC1=C(Cl)C(=O)NN=C1,145.0043,EA069808,EA069809,EA069810,EA069811,EA069812,EA069813,METP698,166,Benzotriazol,N1N=C2C=CC=CC2=N1,119.0483,EA016608,EA016609,EA016610,EA016611,EA016612,EA016613,MEPC166,0.369565217
2536,Dimethachlor-OXA,COCCN(C(=O)C(O)=O)c1c(C)cccc1C,251.1158,EA253608,EA253609,EA253610,EA253611,EA253612,EA253613,METP2536,3561,Trimipramine N-Oxide,CC(CN1C2=CC=CC=C2CCC3=CC=CC=C31)C[N+](C)(C)[O-],310.2045,EQ356101,EQ356102,EQ356103,EQ356104,EQ356105,EQ356106,MEPC3561,0.384615385
85,"2,6-Dichlorobenzamide",NC(=O)C1=C(Cl)C=CC=C1Cl,188.9748,EA008508,EA008509,EA008510,EA008511,EA008512,EA008513,METP85,2709,Imidacloprid,[O-][N+](=O)NC1=NCCN1CC1=CN=C(Cl)C=C1,255.0523,EA270908,EA270909,EA270910,EA270911,EA270912,EA270913,MEPC2709,0.222222222
3059,Imidacloprid-desnitro,NC1=NCCN1CC1=CN=C(Cl)C=C1,210.0672,EQ305901,EQ305902,EQ305903,EQ305904,EQ305905,EQ305906,METP3059,3275,Deprenyl,C[C@H](CC1=CC=CC=C1)N(C)CC#C,187.1361,EQ327501,EQ327502,EQ327503,EQ327504,EQ327505,EQ327506,MEPC3275,0.3
52,4-Isopropylaniline,CC(C)c1ccc(N)cc1,135.1048,EA005208,EA005209,EA005210,EA005211,EA005212,EA005213,METP52,2783,Prednisolone,C1[C@H]2[C@H]3[C@@H]([C@@]4(C(=CC(=O)C=C4)CC3)C)[C@@H](O)C[C@@]2([C@](C(CO)=O)(O)C1)C,360.1937,EA278308,EA278309,EA278310,EA278311,EA278312,EA278313,MEPC2783,0.075471698
845,4-Aminopyrin ,CN1N(C(=O)C(N)=C1C)C1=CC=CC=C1,203.1059,EA084508,EA084508,EA084508,EA084508,EA084508,EA084508,METP845,645,Venlafaxin,COC1=CC=C(C=C1)C(CN(C)C)C1(O)CCCCC1,277.2042,EA064508,EA064509,EA064510,EA064511,EA064512,EA064513,MEPC645,0.230769231
2668,Fipronil-sulfid,NC1=C(SC(F)(F)F)C(=NN1C1=C(Cl)C=C(C=C1Cl)C(F)(F)F)C#N,419.9438,EA266808,EA266809,EA266810,EA266811,EA266812,EA266813,METP2668,2937,Methiocarb,CNC(=O)OC1=CC(C)=C(SC)C(C)=C1,225.0823,EA293708,EA293709,EA293710,EA293711,EA293712,EA293713,MEPC2937,0.237288136
3253,Guanylurea,NC(N)=NC(N)=O,102.0542,EQ325301,EQ325302,EQ325303,EQ325304,EQ325304,NA,METP3253,2772,Cetirizine,N1([C@@H](c2ccc(Cl)cc2)c2ccccc2)CCN(CCOCC(O)=O)CC1,388.1554,EA277208,EA277209,EA277210,EA277211,EA277212,EA277213,MEPC2772,0.098360656
265,Metolachlor-OXA,CCC1=CC=CC(C)=C1N(C(C)COC)C(=O)C(O)=O,279.1471,EA026508,EA026509,EA026510,EA026511,EA026512,EA026513,METP265,304,Isoproturon-monodemethyl,N(C(=O)Nc1ccc(cc1)C(C)C)C,192.1263,EA030408,EA030409,EA030410,EA030411,EA030412,EA030413,MEPC304,0.333333333
2706,Pyrimidinol,CC(C)C1=NC(=O)C=C(C)N1,152.095,EA270608,EA270609,EA270610,EA270611,EA270612,EA270613,METP2706,2817,Cocaine,COC(=O)C1C2CCC(CC1OC(=O)C1=CC=CC=C1)N2C,303.1471,EA281708,EA281709,EA281710,EA281711,EA281712,EA281713,MEPC2817,0.267857143
3463,Kresoxim-methyl acid,O=C(O)\C(=N\OC)c2ccccc2COc1ccccc1C,299.1158,EQ346301,EQ346302,EQ346303,EQ346304,EQ346305,EQ346306,METP3463,88,Chloridazon,NC1=C(Cl)C(=O)N(N=C1)C1=CC=CC=C1,221.0356,EA008808,EA008809,EA008810,EA008811,EA008812,EA008813,MEPC88,0.265625
668,Simazine-2-hydroxy,CCNc1nc(O)nc(NCC)n1,183.112,EA066808,EA066809,EA066810,EA066811,EA066812,EA066813,METP668,2741,Propazine,c1(nc(nc(n1)Cl)NC(C)C)NC(C)C,229.1094,EA274108,EA274109,EA274110,EA274111,EA274112,EA274113,MEPC2741,0.511111111
289,Diuron-desdimethyl,NC(=O)Nc1ccc(Cl)c(Cl)c1,203.9857,EA028908,EA028909,EA028910,EA028911,EA028912,EA028913,METP289,284,Terbutylazin,CCNC1=NC(NC(C)(C)C)=NC(Cl)=N1,229.1094,EA028408,EA028409,EA028410,EA028411,EA028412,EA028413,MEPC284,0.377777778
